{"GradientBoosting": {"f1_score": 0.8598162640353861, "recall": 0.31336405529953915, "balanced_accuracy": 0.5970635856783864}, "RandomForestClassifier": {"f1_score": 0.79891119428377, "recall": 0.5207373271889401, "balanced_accuracy": 0.6651558036757277}, "SGDCClassifier": {"f1_score": 0.665022116366111, "recall": 0.631336405529954, "balanced_accuracy": 0.6488248888628396}}