{"GradientBoosting_mean_crossval_score": 0.8070751579395321, "RandomForestClassifier_mean_crossval_score": 0.732440726629246, "SGDCClassifier_mean_crossval_score": 0.6913432063352725}