{"GradientBoosting_mean_crossval_score": 0.8700242732987835, "RandomForestClassifier_mean_crossval_score": 0.784130817205728, "SGDCClassifier_mean_crossval_score": 0.6903743780793219}